dataset,rows,columns,fair_rows_1989_2021,target_missing,crops,year_min,year_max,yield_mean,yield_std,yield_min,yield_max
aus,966,319,966,0,"Barley, Canola, Lupins, Oats, Wheat",1989,2021,1.6734817373066317,0.8882102967530118,0.0947368421052631,7.522627109534558
us_harm_wheat,446,218,393,0,Wheat,1989,2026,2.840302242152466,0.8874161075687603,1.14325,5.918
us_harm_overlap,1301,218,1158,1,"Barley, Canola, Oats, Wheat",1989,2026,2.563066625,1.0316016740378493,0.6388845000000001,7.801
us_processed_wheat,446,283,393,0,Wheat,1989,2026,2.840302242152466,0.8874161075687603,1.14325,5.918
us_processed_all,2078,283,1851,1,"Barley, Canola, Corn, Oats, Soybeans, Wheat",1989,2026,3.939545949687049,2.9577042673475042,0.6388845000000001,15.75527
